[
  {
    "icon": "fa fa-home",
    "slug": "external",
    "title": "Volver al inicio",
    "path": "index.html"
  }, 
  { 
    "id": 1,
    "icon": "fa fa-file-text-o",
    "slug": "introduccion",
    "title": "Introducción",
    "breadcrumb": ["Inicio","intro"],
    "path": "pages/intro.html"
  }, 
  { 
    "id": 1,
    "icon": "fa fa-file-text-o",
    "slug": "administracion",
    "title": "1. Administración de cartera",
    "breadcrumb": ["Inicio","Tema 1"],
    "path": "pages/1-tema.html",    
    "submenu": [
      {
        "icon": "fa fa-file-text-o",
        "slug": "administracion",
        "title": "1.1 Importancia",
        "anchor": "11"
      },
      {
        "icon": "fa fa-file-text-o",
        "slug": "administracion",
        "title": "1.2 Origen",
        "anchor": "12"
      },
      {
        "icon": "fa fa-file-text-o",
        "slug": "administracion",
        "title": "1.3 Clasificación",
        "anchor": "13"
      },
      {
        "icon": "fa fa-file-text-o",
        "slug": "administracion",
        "title": "1.4 Calificación de cartera",
        "anchor": "14"
      },
      {
        "icon": "fa fa-file-text-o",
        "slug": "administracion",
        "title": "1.5 Cartera castigada",
        "anchor": "15"
      },
      {
        "icon": "fa fa-file-text-o",
        "slug": "administracion",
        "title": "1.6 Provisiones",
        "anchor": "16"
      }
    ]
  },
  { 
    "id": 1,
    "icon": "fa fa-file-text-o",
    "slug": "gestion",
    "title": "2. Gestión de cobranzas",
    "breadcrumb": ["Inicio","Tema 2"],
    "path": "pages/2-tema.html",    
    "submenu": [
      {
        "icon": "fa fa-file-text-o",
        "slug": "gestion",
        "title": "2.1 Tipos de cobranzas",
        "anchor": "21"
      },
      {
        "icon": "fa fa-file-text-o",
        "slug": "gestion",
        "title": "2.2 Etapas",
        "anchor": "22"
      },
      {
        "icon": "fa fa-file-text-o",
        "slug": "gestion",
        "title": "2.3 Consecuencias de la cartera morosa",
        "anchor": "23"
      },
      {
        "icon": "fa fa-file-text-o",
        "slug": "gestion",
        "title": "2.4 Consolidación de informacióna",
        "anchor": "24"
      },
      {
        "icon": "fa fa-file-text-o",
        "slug": "gestion",
        "title": "2.5 Reportes",
        "anchor": "25"
      },
      {
        "icon": "fa fa-file-text-o",
        "slug": "gestion",
        "title": "2.6 Informes",
        "anchor": "26"
      }
    ]
  }, 
  { 
    "id": 1,
    "icon": "fa fa-file-text-o",
    "slug": "informacion",
    "title": "3. Información de clientes deudores",
    "breadcrumb": ["Inicio","Tema 3"],
    "path": "pages/3-tema.html",    
    "submenu": [
      {
        "icon": "fa fa-file-text-o",
        "slug": "informacion",
        "title": "3.1 Expedientes",
        "anchor": "31"
      },
      {
        "icon": "fa fa-file-text-o",
        "slug": "informacion",
        "title": "3.2 Documentos contenidos en los expedientes",
        "anchor": "32"
      },
      {
        "icon": "fa fa-file-text-o",
        "slug": "informacion",
        "title": "3.3 Capacidad de pago",
        "anchor": "33"
      },
      {
        "icon": "fa fa-file-text-o",
        "slug": "informacion",
        "title": "3.4 Solvencia económica",
        "anchor": "34"
      },
      {
        "icon": "fa fa-file-text-o",
        "slug": "informacion",
        "title": "3.5 Flujo de caja",
        "anchor": "35"
      }
    ]
  }, 
  { 
    "id": 1,
    "icon": "fa fa-file-text-o",
    "slug": "habitos",
    "title": "4. Hábitos de pago",
    "breadcrumb": ["Inicio","Tema 4"],
    "path": "pages/4-tema.html",    
    "submenu": [
      {
        "icon": "fa fa-file-text-o",
        "slug": "habitos",
        "title": "4.1 Capacidad",
        "anchor": "41"
      },
      {
        "icon": "fa fa-file-text-o",
        "slug": "habitos",
        "title": "4.2 Voluntad de pago",
        "anchor": "42"
      }
    ]
  }, 
  { 
    "id": 1,
    "icon": "fa fa-file-text-o",
    "slug": "ley_del_consumidor",
    "title": "5. Ley del consumidor financiero y Ley de Habeas Data",
    "breadcrumb": ["Inicio","Tema 5"],
    "path": "pages/5-tema.html",    
    "submenu": [
      {
        "icon": "fa fa-file-text-o",
        "slug": "ley_del_consumidor",
        "title": "5.1 Derechos",
        "anchor": "51"
      },
      {
        "icon": "fa fa-file-text-o",
        "slug": "ley_del_consumidor",
        "title": "5.2 Obligaciones",
        "anchor": "52"
      },
      {
        "icon": "fa fa-file-text-o",
        "slug": "ley_del_consumidor",
        "title": "5.3 Derechos Habeas Data",
        "anchor": "53"
      }
    ]
  }, 
  { 
    "id": 1,
    "icon": "fa fa-file-text-o",
    "slug": "estrategia",
    "title": "6. Estrategia de recuperación de cartera",
    "breadcrumb": ["Inicio","Tema 6"],
    "path": "pages/6-tema.html",    
    "submenu": [
      {
        "icon": "fa fa-file-text-o",
        "slug": "estrategia",
        "title": "6.1 Técnicas de cobranzas",
        "anchor": "61"
      },
      {
        "icon": "fa fa-file-text-o",
        "slug": "estrategia",
        "title": "6.2 Servicio al cliente",
        "anchor": "62"
      },
      {
        "icon": "fa fa-file-text-o",
        "slug": "estrategia",
        "title": "6.3 Procesos de negociación",
        "anchor": "63"
      }
    ]
  }, 
  { 
    "id": 1,
    "icon": "fa fa-file-text-o",
    "slug": "canales",
    "title": "7. Canales de comunicación organizacional",
    "breadcrumb": ["Inicio","Tema 7"],
    "path": "pages/7-tema.html"
  }, 
  { 
    "id": 1,
    "icon": "fa fa-file-text-o",
    "slug": "objeciones",
    "title": "8. Objeciones",
    "breadcrumb": ["Inicio","Tema 8"],
    "path": "pages/8-tema.html",    
    "submenu": [
      {
        "icon": "fa fa-file-text-o",
        "slug": "objeciones",
        "title": "8.1 Cálculo de consumo eléctrico de un motor de magnetos permanentes",
        "anchor": "81"
      }
    ]
  }, 
  { 
    "id": 1,
    "icon": "fa fa-file-text-o",
    "slug": "proyecciones",
    "title": "9. Proyecciones de pago",
    "breadcrumb": ["Inicio","Tema 9"],
    "path": "pages/9-tema.html",    
    "submenu": [
      {
        "icon": "fa fa-file-text-o",
        "slug": "proyecciones",
        "title": "9.1 Recursos",
        "anchor": "91"
      },
      {
        "icon": "fa fa-file-text-o",
        "slug": "proyecciones",
        "title": "9.2 Plazos",
        "anchor": "92"
      }
    ]
  }, 
  { 
    "id": 1,
    "icon": "fa fa-file-text-o",
    "slug": "acuerdos",
    "title": "10. Acuerdos de pago",
    "breadcrumb": ["Inicio","Tema 10"],
    "path": "pages/10-tema.html",    
    "submenu": [
      {
        "icon": "fa fa-file-text-o",
        "slug": "acuerdos",
        "title": "10.1 Tipos de acuerdos",
        "anchor": "10_1"
      },
      {
        "icon": "fa fa-file-text-o",
        "slug": "acuerdos",
        "title": "10.2 Formatos institucionales",
        "anchor": "10_2"
      }
    ]
  }, 
  { 
    "id": 1,
    "icon": "fa fa-file-text-o",
    "slug": "politicas",
    "title": "11. Políticas de normalización de cartera",
    "breadcrumb": ["Inicio","Tema 11"],
    "path": "pages/11-tema.html",    
    "submenu": [
      {
        "icon": "fa fa-file-text-o",
        "slug": "politicas",
        "title": "11.1 Reestructuración",
        "anchor": "11_1"
      },
      {
        "icon": "fa fa-file-text-o",
        "slug": "politicas",
        "title": "11.2 Prórroga de microfinanzas",
        "anchor": "11_2"
      },
      {
        "icon": "fa fa-file-text-o",
        "slug": "politicas",
        "title": "11.3 Prórroga y/o rediferido",
        "anchor": "11_3"
      },
      {
        "icon": "fa fa-file-text-o",
        "slug": "politicas",
        "title": "11.4 Mejoramiento de perfil",
        "anchor": "11_4"
      },
      {
        "icon": "fa fa-file-text-o",
        "slug": "politicas",
        "title": "11.5 Mejoramiento de perfil con modalidad de abono parcial",
        "anchor": "11_5"
      },
      {
        "icon": "fa fa-file-text-o",
        "slug": "politicas",
        "title": "11.6 Subrogación",
        "anchor": "11_6"
      },
      {
        "icon": "fa fa-file-text-o",
        "slug": "politicas",
        "title": "11.7 Cambio de fecha",
        "anchor": "11_7"
      }
    ]
  }, 
  { 
    "id": 1,
    "icon": "fa fa-file-text-o",
    "slug": "procesos_y_procedimientos",
    "title": "12. Procesos y procedimientos para recaudo cartera",
    "breadcrumb": ["Inicio","Tema 12"],
    "path": "pages/12-tema.html",    
    "submenu": [
      {
        "icon": "fa fa-file-text-o",
        "slug": "procesos_y_procedimientos",
        "title": "12.1 Cálculo de consumo eléctrico de un motor de magnetos permanentes",
        "anchor": "12_1"
      },
      {
        "icon": "fa fa-file-text-o",
        "slug": "procesos_y_procedimientos",
        "title": "12.2 Toma de medidas eléctricas de un motor sincrónico",
        "anchor": "12_2"
      },
      {
        "icon": "fa fa-file-text-o",
        "slug": "procesos_y_procedimientos",
        "title": "12.3 Toma de medidas eléctricas de un motor sincrónico",
        "anchor": "12_3"
      }
    ]
  }, 
  { 
    "id": 1,
    "icon": "fa fa-file-text-o",
    "slug": "informe_de_cobranza",
    "title": "13. Informe de cobranza",
    "breadcrumb": ["Inicio","Tema 13"],
    "path": "pages/13-tema.html",    
    "submenu": [
      {
        "icon": "fa fa-file-text-o",
        "slug": "informe_de_cobranza",
        "title": "13.1 Importancia",
        "anchor": "13_1"
      },
      {
        "icon": "fa fa-file-text-o",
        "slug": "informe_de_cobranza",
        "title": "13.2 Aspectos generales",
        "anchor": "13_2"
      }
    ]
  }, 
  { 
    "id": 1,
    "icon": "fa fa-file-text-o",
    "slug": "evaluacion_de_gestion",
    "title": "14. Evaluación de la gestión de cobranza",
    "breadcrumb": ["Inicio","Tema 14"],
    "path": "pages/14-tema.html",    
    "submenu": [
      {
        "icon": "fa fa-file-text-o",
        "slug": "evaluacion_de_gestion",
        "title": "14.1 Elementos",
        "anchor": "14_1"
      },
      {
        "icon": "fa fa-file-text-o",
        "slug": "evaluacion_de_gestion",
        "title": "14.2 Metas",
        "anchor": "14_2"
      },
      {
        "icon": "fa fa-file-text-o",
        "slug": "evaluacion_de_gestion",
        "title": "14.3 Tablero de control",
        "anchor": "14_3"
      },
      {
        "icon": "fa fa-file-text-o",
        "slug": "evaluacion_de_gestion",
        "title": "14.4 Planes de incentivo",
        "anchor": "14_4"
      }
    ]
  }
]